accession,collection_date,country,isolate,isolation_source,host,note,submitted,reference_title,reference_journal,pubmed
PP372686.1,21-May-2021,China,SH-ZSH01,,Homo sapiens,subtype: 2a; genotype: 2,19-FEB-2024,Hepatitis c virus infection and drug resistance,,
PP101888.1,27-Apr-2017,Cambodia,TF23A,plasma,Homo sapiens,subtype: 6q,08-JAN-2024,Genomic variations associated with drug resistance in HCV genotype 6 infected patients failing DAA-based therapy,,
PP101889.1,25-Oct-2017,Cambodia,TF23B,plasma,Homo sapiens,subtype: 6q,08-JAN-2024,Genomic variations associated with drug resistance in HCV genotype 6 infected patients failing DAA-based therapy,,
PP101890.1,26-Oct-2016,Cambodia,TF11A,plasma,Homo sapiens,subtype: 6r,08-JAN-2024,Genomic variations associated with drug resistance in HCV genotype 6 infected patients failing DAA-based therapy,,
PP101891.1,28-Jul-2017,Cambodia,TF11B,plasma,Homo sapiens,subtype: 6r,08-JAN-2024,Genomic variations associated with drug resistance in HCV genotype 6 infected patients failing DAA-based therapy,,
PP101892.1,19-Oct-2016,Cambodia,TF14A,plasma,Homo sapiens,subtype: 6r,08-JAN-2024,Genomic variations associated with drug resistance in HCV genotype 6 infected patients failing DAA-based therapy,,
PP101893.1,28-Jul-2017,Cambodia,TF14B,plasma,Homo sapiens,subtype: 6r,08-JAN-2024,Genomic variations associated with drug resistance in HCV genotype 6 infected patients failing DAA-based therapy,,
PP101894.1,08-Feb-2017,Cambodia,TF15A,plasma,Homo sapiens,subtype: 6r,08-JAN-2024,Genomic variations associated with drug resistance in HCV genotype 6 infected patients failing DAA-based therapy,,
PP101895.1,27-Jul-2017,Cambodia,TF15B,plasma,Homo sapiens,subtype: 6r,08-JAN-2024,Genomic variations associated with drug resistance in HCV genotype 6 infected patients failing DAA-based therapy,,
PP101896.1,07-Jun-2017,Cambodia,TF16A,plasma,Homo sapiens,subtype: 6r,08-JAN-2024,Genomic variations associated with drug resistance in HCV genotype 6 infected patients failing DAA-based therapy,,
PP101897.1,20-Dec-2017,Cambodia,TF16B,plasma,Homo sapiens,subtype: 6r,08-JAN-2024,Genomic variations associated with drug resistance in HCV genotype 6 infected patients failing DAA-based therapy,,
PP101898.1,20-Jun-2017,Cambodia,TF17A,plasma,Homo sapiens,subtype: 6r,08-JAN-2024,Genomic variations associated with drug resistance in HCV genotype 6 infected patients failing DAA-based therapy,,
PP101899.1,02-Jan-2018,Cambodia,TF17B,plasma,Homo sapiens,subtype: 6r,08-JAN-2024,Genomic variations associated with drug resistance in HCV genotype 6 infected patients failing DAA-based therapy,,
PP101900.1,14-Dec-2017,Cambodia,TF24B,plasma,Homo sapiens,subtype: 6r,08-JAN-2024,Genomic variations associated with drug resistance in HCV genotype 6 infected patients failing DAA-based therapy,,
PP101901.1,21-Jun-2017,Cambodia,TF29A,plasma,Homo sapiens,subtype: 6r,08-JAN-2024,Genomic variations associated with drug resistance in HCV genotype 6 infected patients failing DAA-based therapy,,
PP101902.1,04-Jan-2018,Cambodia,TF29B,plasma,Homo sapiens,subtype: 6r,08-JAN-2024,Genomic variations associated with drug resistance in HCV genotype 6 infected patients failing DAA-based therapy,,
PP101903.1,29-Jun-2017,Cambodia,TF32A,plasma,Homo sapiens,subtype: 6r,08-JAN-2024,Genomic variations associated with drug resistance in HCV genotype 6 infected patients failing DAA-based therapy,,
PP101904.1,08-Dec-2016,Cambodia,TF27A,plasma,Homo sapiens,subtype: 6s,08-JAN-2024,Genomic variations associated with drug resistance in HCV genotype 6 infected patients failing DAA-based therapy,,
PP101905.1,12-Jun-2017,Cambodia,TF03B,plasma,Homo sapiens,subtype: 6xc,08-JAN-2024,Genomic variations associated with drug resistance in HCV genotype 6 infected patients failing DAA-based therapy,,
PP101906.1,03-May-2017,Cambodia,TF05A,plasma,Homo sapiens,subtype: 6xf,08-JAN-2024,Genomic variations associated with drug resistance in HCV genotype 6 infected patients failing DAA-based therapy,,
PP101907.1,17-Nov-2017,Cambodia,TF05B,plasma,Homo sapiens,subtype: 6xf,08-JAN-2024,Genomic variations associated with drug resistance in HCV genotype 6 infected patients failing DAA-based therapy,,
PP101908.1,04-May-2017,Cambodia,TF18A,plasma,Homo sapiens,subtype: 6?,08-JAN-2024,Genomic variations associated with drug resistance in HCV genotype 6 infected patients failing DAA-based therapy,,
PP101909.1,26-Jan-2018,Cambodia,TF18B,plasma,Homo sapiens,subtype: 6?,08-JAN-2024,Genomic variations associated with drug resistance in HCV genotype 6 infected patients failing DAA-based therapy,,
PP101910.1,23-May-2017,Cambodia,TF04A,plasma,Homo sapiens,subtype: 1a,08-JAN-2024,Genomic variations associated with drug resistance in HCV genotype 6 infected patients failing DAA-based therapy,,
PP101911.1,07-Dec-2017,Cambodia,TF04B,plasma,Homo sapiens,subtype: 1a,08-JAN-2024,Genomic variations associated with drug resistance in HCV genotype 6 infected patients failing DAA-based therapy,,
PP101912.1,26-Jul-2017,Cambodia,CTRL101,plasma,Homo sapiens,subtype: 6p,08-JAN-2024,Genomic variations associated with drug resistance in HCV genotype 6 infected patients failing DAA-based therapy,,
PP101913.1,02-Aug-2017,Cambodia,CTRL102,plasma,Homo sapiens,subtype: 6p,08-JAN-2024,Genomic variations associated with drug resistance in HCV genotype 6 infected patients failing DAA-based therapy,,
PP101914.1,02-Aug-2017,Cambodia,CTRL103,plasma,Homo sapiens,subtype: 6p,08-JAN-2024,Genomic variations associated with drug resistance in HCV genotype 6 infected patients failing DAA-based therapy,,
PP101915.1,02-Aug-2017,Cambodia,CTRL104,plasma,Homo sapiens,subtype: 6r,08-JAN-2024,Genomic variations associated with drug resistance in HCV genotype 6 infected patients failing DAA-based therapy,,
PP101916.1,03-Aug-2017,Cambodia,CTRL106,plasma,Homo sapiens,subtype: 6?,08-JAN-2024,Genomic variations associated with drug resistance in HCV genotype 6 infected patients failing DAA-based therapy,,
PP101917.1,03-Aug-2017,Cambodia,CTRL107,plasma,Homo sapiens,subtype: 6q,08-JAN-2024,Genomic variations associated with drug resistance in HCV genotype 6 infected patients failing DAA-based therapy,,
PP101918.1,03-Aug-2017,Cambodia,CTRL108,plasma,Homo sapiens,subtype: 6e,08-JAN-2024,Genomic variations associated with drug resistance in HCV genotype 6 infected patients failing DAA-based therapy,,
PP101919.1,04-Aug-2017,Cambodia,CTRL109,plasma,Homo sapiens,subtype: 6r,08-JAN-2024,Genomic variations associated with drug resistance in HCV genotype 6 infected patients failing DAA-based therapy,,
PP101920.1,07-Aug-2017,Cambodia,CTRL110,plasma,Homo sapiens,subtype: 6r,08-JAN-2024,Genomic variations associated with drug resistance in HCV genotype 6 infected patients failing DAA-based therapy,,
PP101921.1,07-Aug-2017,Cambodia,CTRL111,plasma,Homo sapiens,subtype: 6q,08-JAN-2024,Genomic variations associated with drug resistance in HCV genotype 6 infected patients failing DAA-based therapy,,
PP101922.1,08-Aug-2017,Cambodia,CTRL112,plasma,Homo sapiens,subtype: 6r,08-JAN-2024,Genomic variations associated with drug resistance in HCV genotype 6 infected patients failing DAA-based therapy,,
PP101923.1,08-Aug-2017,Cambodia,CTRL113,plasma,Homo sapiens,subtype: 6s,08-JAN-2024,Genomic variations associated with drug resistance in HCV genotype 6 infected patients failing DAA-based therapy,,
PP101924.1,08-Aug-2017,Cambodia,CTRL114,plasma,Homo sapiens,subtype: 6s,08-JAN-2024,Genomic variations associated with drug resistance in HCV genotype 6 infected patients failing DAA-based therapy,,
PP101925.1,03-Aug-2017,Cambodia,CTRL115,plasma,Homo sapiens,subtype: 6?,08-JAN-2024,Genomic variations associated with drug resistance in HCV genotype 6 infected patients failing DAA-based therapy,,
PP101926.1,09-Aug-2017,Cambodia,CTRL116,plasma,Homo sapiens,subtype: 6q,08-JAN-2024,Genomic variations associated with drug resistance in HCV genotype 6 infected patients failing DAA-based therapy,,
PP101927.1,09-Aug-2017,Cambodia,CTRL117,plasma,Homo sapiens,subtype: 6p,08-JAN-2024,Genomic variations associated with drug resistance in HCV genotype 6 infected patients failing DAA-based therapy,,
PP101928.1,10-Aug-2017,Cambodia,CTRL118,plasma,Homo sapiens,subtype: 6q,08-JAN-2024,Genomic variations associated with drug resistance in HCV genotype 6 infected patients failing DAA-based therapy,,
PP101929.1,11-Aug-2017,Cambodia,CTRL119,plasma,Homo sapiens,subtype: 6e,08-JAN-2024,Genomic variations associated with drug resistance in HCV genotype 6 infected patients failing DAA-based therapy,,
PP101930.1,14-Aug-2017,Cambodia,CTRL120,plasma,Homo sapiens,subtype: 6p,08-JAN-2024,Genomic variations associated with drug resistance in HCV genotype 6 infected patients failing DAA-based therapy,,
PP101931.1,15-Aug-2017,Cambodia,CTRL121,plasma,Homo sapiens,subtype: 6e,08-JAN-2024,Genomic variations associated with drug resistance in HCV genotype 6 infected patients failing DAA-based therapy,,
PP101932.1,16-Aug-2017,Cambodia,CTRL122,plasma,Homo sapiens,subtype: 6e,08-JAN-2024,Genomic variations associated with drug resistance in HCV genotype 6 infected patients failing DAA-based therapy,,
PP101933.1,16-Aug-2017,Cambodia,CTRL123,plasma,Homo sapiens,subtype: 6r,08-JAN-2024,Genomic variations associated with drug resistance in HCV genotype 6 infected patients failing DAA-based therapy,,
PP101934.1,17-Aug-2017,Cambodia,CTRL124,plasma,Homo sapiens,subtype: 6e,08-JAN-2024,Genomic variations associated with drug resistance in HCV genotype 6 infected patients failing DAA-based therapy,,
PP101935.1,17-Aug-2017,Cambodia,CTRL125,plasma,Homo sapiens,subtype: 6e,08-JAN-2024,Genomic variations associated with drug resistance in HCV genotype 6 infected patients failing DAA-based therapy,,
PP101936.1,17-Aug-2017,Cambodia,CTRL126,plasma,Homo sapiens,subtype: 6p,08-JAN-2024,Genomic variations associated with drug resistance in HCV genotype 6 infected patients failing DAA-based therapy,,
PP101937.1,28-Aug-2017,Cambodia,CTRL127,plasma,Homo sapiens,subtype: 6q,08-JAN-2024,Genomic variations associated with drug resistance in HCV genotype 6 infected patients failing DAA-based therapy,,
PP101938.1,29-Aug-2017,Cambodia,CTRL128,plasma,Homo sapiens,subtype: 6xf,08-JAN-2024,Genomic variations associated with drug resistance in HCV genotype 6 infected patients failing DAA-based therapy,,
PP101939.1,31-Aug-2017,Cambodia,CTRL129,plasma,Homo sapiens,subtype: 6xc,08-JAN-2024,Genomic variations associated with drug resistance in HCV genotype 6 infected patients failing DAA-based therapy,,
PP101940.1,08-Aug-2017,Cambodia,CTRL130,plasma,Homo sapiens,subtype: 6xc,08-JAN-2024,Genomic variations associated with drug resistance in HCV genotype 6 infected patients failing DAA-based therapy,,
PP092205.1,2021,United Kingdom,Pt1,,,,31-DEC-2023,Identification of two new subtypes of hepatitis C virus genotype 8 and a potential new genotype in the UK successfully treated with direct acting antivirals,,
PP092206.1,2022,United Kingdom,Pt2,,,,31-DEC-2023,Identification of two new subtypes of hepatitis C virus genotype 8 and a potential new genotype in the UK successfully treated with direct acting antivirals,,
OR594285.1,2022,Saudi Arabia,141,,Homo sapiens,genotype: 4,24-SEP-2023,A novel hepatitis C virus genotype 4 subtype identified by next generation sequencing full-genome characterization in a patient from Saudi Arabia,,
OP555741.1,27-Sep-2022,Denmark,DH13,,Homo sapiens,subtype: 4d,28-SEP-2022,Novel HCV Genotype 4d Infectious Systems and Assessment of Direct-Acting Antivirals and Antibody Neutralization,"Viruses 14 (11), 2527 (2022)",36423136
OP555739.1,27-Sep-2022,Denmark,01112016,,Homo sapiens,subtype: 4d,28-SEP-2022,Novel HCV Genotype 4d Infectious Systems and Assessment of Direct-Acting Antivirals and Antibody Neutralization,"Viruses 14 (11), 2527 (2022)",36423136
OP555740.1,27-Sep-2022,Denmark,04022019,,Homo sapiens,subtype: 4d,28-SEP-2022,Novel HCV Genotype 4d Infectious Systems and Assessment of Direct-Acting Antivirals and Antibody Neutralization,"Viruses 14 (11), 2527 (2022)",36423136
MZ171134.1,2018,China: Yunnan,YNKH015a,plasma,Homo sapiens,subtype: 6xj,09-MAY-2021,,,
MZ171133.1,2018,China: Yunnan,YNKH282a,plasma,Homo sapiens,subtype: 6xj,09-MAY-2021,,,
MZ171132.1,2018,China: Yunnan,YNKH306a,plasma,Homo sapiens,subtype: 6xj,09-MAY-2021,,,
MZ171131.1,2018,China: Yunnan,YNKH303a,plasma,Homo sapiens,subtype: 6xj,09-MAY-2021,,,
MZ171130.1,2018,China: Yunnan,YNKH301a,plasma,Homo sapiens,subtype: 6xj,09-MAY-2021,,,
MZ171129.1,2018,China: Yunnan,YNKH300a,plasma,Homo sapiens,subtype: 6xj,09-MAY-2021,,,
MZ171128.1,2018,China: Yunnan,YNKH299a,plasma,Homo sapiens,subtype: 6xj,09-MAY-2021,,,
MZ171127.1,2018,China: Yunnan,YNKH298a,plasma,Homo sapiens,subtype: 6xj,09-MAY-2021,,,
OM525854.1,09-Aug-2019,Benin,Benin1,,Homo sapiens,subtype: 1,03-FEB-2022,,,
OM525855.1,09-Aug-2019,Benin,Benin10,,Homo sapiens,subtype: 1,03-FEB-2022,,,
OM525856.1,09-Aug-2019,Benin,Benin11,,Homo sapiens,subtype: 1,03-FEB-2022,,,
OM525857.1,09-Aug-2019,Benin,Benin12,,Homo sapiens,subtype: 2/2d,03-FEB-2022,,,
OM525858.1,09-Aug-2019,Benin,Benin14,,Homo sapiens,subtype: 2,03-FEB-2022,,,
OM525859.1,09-Aug-2019,Benin,Benin15,,Homo sapiens,subtype: 1,03-FEB-2022,,,
OM525860.1,09-Aug-2019,Benin,Benin16,,Homo sapiens,subtype: 2/2d,03-FEB-2022,,,
OM525861.1,09-Aug-2019,Benin,Benin17,,Homo sapiens,subtype: 2/2d,03-FEB-2022,,,
OM525862.1,09-Aug-2019,Benin,Benin18,,Homo sapiens,subtype: 1,03-FEB-2022,,,
OM525863.1,09-Aug-2019,Benin,Benin2,,Homo sapiens,subtype: 1,03-FEB-2022,,,
OM525864.1,09-Aug-2019,Benin,Benin22,,Homo sapiens,subtype: 1,03-FEB-2022,,,
OM525865.1,09-Aug-2019,Benin,Benin26,,Homo sapiens,subtype: 1,03-FEB-2022,,,
OM525874.1,13-Aug-2019,Benin,Benin38,,Homo sapiens,subtype: 2/2d,03-FEB-2022,,,
OM525880.1,16-Aug-2019,Benin,Benin45,,Homo sapiens,subtype: 2/2b,03-FEB-2022,,,
OM525866.1,09-Aug-2019,Benin,Benin27,,Homo sapiens,subtype: 1,03-FEB-2022,,,
OM525867.1,09-Aug-2019,Benin,Benin3,,Homo sapiens,subtype: 1/1b,03-FEB-2022,,,
OM525868.1,09-Aug-2019,Benin,Benin30,,Homo sapiens,subtype: 1,03-FEB-2022,,,
OM525869.1,13-Aug-2019,Benin,Benin31,,Homo sapiens,subtype: 1/1b,03-FEB-2022,,,
OM525870.1,13-Aug-2019,Benin,Benin33,,Homo sapiens,subtype: 2/2d,03-FEB-2022,,,
OM525872.1,13-Aug-2019,Benin,Benin35,,Homo sapiens,subtype: 1,03-FEB-2022,,,
OM525873.1,13-Aug-2019,Benin,Benin36,,Homo sapiens,subtype: 1,03-FEB-2022,,,
OM525875.1,13-Aug-2019,Benin,Benin39,,Homo sapiens,subtype: 1,03-FEB-2022,,,
OM525876.1,09-Aug-2019,Benin,Benin4,,Homo sapiens,subtype: 1,03-FEB-2022,,,
OM525878.1,16-Aug-2019,Benin,Benin42,,Homo sapiens,subtype: 2/2a,03-FEB-2022,,,
OM525879.1,16-Aug-2019,Benin,Benin43,,Homo sapiens,subtype: 2,03-FEB-2022,,,
OM525881.1,16-Aug-2019,Benin,Benin48,,Homo sapiens,subtype: 2/2d,03-FEB-2022,,,
OM525882.1,16-Aug-2019,Benin,Benin49,,Homo sapiens,subtype: 1/1b,03-FEB-2022,,,
OM525883.1,09-Aug-2019,Benin,Benin5,,Homo sapiens,subtype: 1/1b,03-FEB-2022,,,
OM525884.1,16-Aug-2019,Benin,Benin51,,Homo sapiens,subtype: 2,03-FEB-2022,,,
OM525885.1,16-Aug-2019,Benin,Benin56,,Homo sapiens,subtype: 2,03-FEB-2022,,,
OM525886.1,09-Aug-2019,Benin,Benin6,,Homo sapiens,subtype: 2/2d,03-FEB-2022,,,
OM525887.1,20-Aug-2019,Benin,Benin60,,Homo sapiens,subtype: 2/2d,03-FEB-2022,,,
OM525891.1,28-Aug-2019,Benin,Benin68,,Homo sapiens,subtype: 1,03-FEB-2022,,,
OM525892.1,09-Aug-2019,Benin,Benin7,,Homo sapiens,subtype: 1,03-FEB-2022,,,
OM525893.1,30-Aug-2019,Benin,Benin71,,Homo sapiens,subtype: 2,03-FEB-2022,,,
OM525894.1,30-Aug-2019,Benin,Benin73,,Homo sapiens,subtype: 1,03-FEB-2022,,,
OM525895.1,30-Aug-2019,Benin,Benin74,,Homo sapiens,subtype: 1,03-FEB-2022,,,
OM525896.1,30-Aug-2019,Benin,Benin77,,Homo sapiens,subtype: 1,03-FEB-2022,,,
OM525897.1,30-Aug-2019,Benin,Benin78,,Homo sapiens,subtype: 1,03-FEB-2022,,,
OM525898.1,09-Aug-2019,Benin,Benin8,,Homo sapiens,subtype: 2/2d,03-FEB-2022,,,
OM525899.1,30-Aug-2019,Benin,Benin80,,Homo sapiens,subtype: 2/2b,03-FEB-2022,,,
OM525900.1,30-Aug-2019,Benin,Benin81,,Homo sapiens,subtype: 2,03-FEB-2022,,,
OM525902.1,03-Sep-2019,Benin,Benin84,,Homo sapiens,subtype: 1,03-FEB-2022,,,
OM525904.1,03-Sep-2019,Benin,Benin88,,Homo sapiens,subtype: 2,03-FEB-2022,,,
OM525905.1,03-Sep-2019,Benin,Benin89,,Homo sapiens,subtype: 2,03-FEB-2022,,,
OM525906.1,09-Aug-2019,Benin,Benin9,,Homo sapiens,subtype: 1,03-FEB-2022,,,
OM525907.1,03-Sep-2019,Benin,Benin90,,Homo sapiens,subtype: 2/2d,03-FEB-2022,,,
OM525909.1,03-Sep-2019,Benin,Benin93,,Homo sapiens,subtype: 1,03-FEB-2022,,,
OP022921.1,2019,United Kingdom,P20,plasma,Homo sapiens,genotype: 2a,18-JUL-2022,Characterisation of a Hepatitis C Virus Subtype 2a Cluster in Scottish PWID with a Suboptimal Response to Glecaprevir/Pibrentasvir Treatment,"Viruses 14 (8), 1678 (2022)",36016300
OP022920.1,2019,United Kingdom,P19,plasma,Homo sapiens,genotype: 2a,18-JUL-2022,Characterisation of a Hepatitis C Virus Subtype 2a Cluster in Scottish PWID with a Suboptimal Response to Glecaprevir/Pibrentasvir Treatment,"Viruses 14 (8), 1678 (2022)",36016300
OP022907.1,2019,United Kingdom,P6,plasma,Homo sapiens,genotype: 2a,18-JUL-2022,Characterisation of a Hepatitis C Virus Subtype 2a Cluster in Scottish PWID with a Suboptimal Response to Glecaprevir/Pibrentasvir Treatment,"Viruses 14 (8), 1678 (2022)",36016300
OP022911.1,2019,United Kingdom,P10,plasma,Homo sapiens,genotype: 2a,18-JUL-2022,Characterisation of a Hepatitis C Virus Subtype 2a Cluster in Scottish PWID with a Suboptimal Response to Glecaprevir/Pibrentasvir Treatment,"Viruses 14 (8), 1678 (2022)",36016300
MZ541883.1,May-2018,Denmark,A106-Baseline,blood,Homo sapiens,genotype: 1,08-JUL-2021,Characterization of a novel hepatitis C virus genotype 1 subtype from a patient failing 4 weeks of glecaprevir/pibrentasvir treatment,,
MZ541884.1,May-2018,Denmark,A106-Post-W12,blood,Homo sapiens,genotype: 1,08-JUL-2021,Characterization of a novel hepatitis C virus genotype 1 subtype from a patient failing 4 weeks of glecaprevir/pibrentasvir treatment,,
OR345990.1,27-Apr-2017,Cambodia,HCV_01A_S8,plasma,Homo sapiens,subtype: 6e; genotype: 6,23-JUL-2023,Genomic variations associated with drug resistance in HCV genotype 6 infected patients failing DAA-based therapy,,
OR345991.1,13-Nov-2017,Cambodia,HCV_01B_S2,plasma,Homo sapiens,subtype: 6e; genotype: 6,23-JUL-2023,Genomic variations associated with drug resistance in HCV genotype 6 infected patients failing DAA-based therapy,,
OR345992.1,08-Feb-2017,Cambodia,HCV_06A_S18,plasma,Homo sapiens,subtype: 6e; genotype: 6,23-JUL-2023,Genomic variations associated with drug resistance in HCV genotype 6 infected patients failing DAA-based therapy,,
OR345993.1,27-Jul-2017,Cambodia,HCV_06B_S19,plasma,Homo sapiens,subtype: 6e; genotype: 6,23-JUL-2023,Genomic variations associated with drug resistance in HCV genotype 6 infected patients failing DAA-based therapy,,
OR345994.1,14-Jun-2017,Cambodia,HCV_10A_S1,plasma,Homo sapiens,subgroup: 6e; genotype: 6,23-JUL-2023,Genomic variations associated with drug resistance in HCV genotype 6 infected patients failing DAA-based therapy,,
OR345995.1,27-Dec-2017,Cambodia,HCV_10B_S2,plasma,Homo sapiens,subtype: 6e; genotype: 6,23-JUL-2023,Genomic variations associated with drug resistance in HCV genotype 6 infected patients failing DAA-based therapy,,
OR345996.1,23-Jun-2017,Cambodia,HCV_30A_S19,plasma,Homo sapiens,subtype: 6e; genotype: 6,23-JUL-2023,Genomic variations associated with drug resistance in HCV genotype 6 infected patients failing DAA-based therapy,,
OR345997.1,05-Jan-2018,Cambodia,HCV_30B_S20,plasma,Homo sapiens,subtype: 6e; genotype: 6,23-JUL-2023,Genomic variations associated with drug resistance in HCV genotype 6 infected patients failing DAA-based therapy,,
OR345998.1,21-Apr-2017,Cambodia,HCV_22A_S23,plasma,Homo sapiens,subtype: 6e; genotype: 6,23-JUL-2023,Genomic variations associated with drug resistance in HCV genotype 6 infected patients failing DAA-based therapy,,
OR345999.1,18-Jan-2018,Cambodia,HCV_22B_S14,plasma,Homo sapiens,subtype: 6e; genotype: 6,23-JUL-2023,Genomic variations associated with drug resistance in HCV genotype 6 infected patients failing DAA-based therapy,,
OR346000.1,15-Jun-2017,Cambodia,HCV_33A_S13,plasma,Homo sapiens,subtype: 6p; genotype: 6,23-JUL-2023,Genomic variations associated with drug resistance in HCV genotype 6 infected patients failing DAA-based therapy,,
OR346001.1,12-Mar-2018,Cambodia,HCV_33B_S14,plasma,Homo sapiens,subtype: 6p; genotype: 6,23-JUL-2023,Genomic variations associated with drug resistance in HCV genotype 6 infected patients failing DAA-based therapy,,
OP894660.1,10-Feb-2016,France: Paris,10022016,plasma,Homo sapiens,subtype: 1l; genotype: 1,24-NOV-2022,Virological characterization of treatment failures and retreatment outcomes in patients infected with 'unusual' HCV genotype 1 subtypes,,
OP894659.1,19-Jun-2017,France: Creteil,19062017,plasma,Homo sapiens,subtype: 1e; genotype: 1,24-NOV-2022,Virological characterization of treatment failures and retreatment outcomes in patients infected with 'unusual' HCV genotype 1 subtypes,,
OP894656.1,06-Sep-2012,France: Rouen,6092012,plasma,Homo sapiens,genotype: 1,24-NOV-2022,Virological characterization of treatment failures and retreatment outcomes in patients infected with 'unusual' HCV genotype 1 subtypes,,
OP894655.1,31-Oct-2017,France: Saint-Denis,31102017,plasma,Homo sapiens,subtype: 1l; genotype: 1,24-NOV-2022,Virological characterization of treatment failures and retreatment outcomes in patients infected with 'unusual' HCV genotype 1 subtypes,,
OP894654.1,19-Sep-2017,France,19092017,plasma,Homo sapiens,subtype: 1l; genotype: 1,24-NOV-2022,Virological characterization of treatment failures and retreatment outcomes in patients infected with 'unusual' HCV genotype 1 subtypes,,
OP894653.1,24-Oct-2017,France: Rouen,24102017,plasma,Homo sapiens,subtype: 1l; genotype: 1,24-NOV-2022,Virological characterization of treatment failures and retreatment outcomes in patients infected with 'unusual' HCV genotype 1 subtypes,,
OP894652.1,26-Sep-2017,France,26092017,plasma,Homo sapiens,subtype: 1l; genotype: 1,24-NOV-2022,Virological characterization of treatment failures and retreatment outcomes in patients infected with 'unusual' HCV genotype 1 subtypes,,
OP894650.1,26-Jul-2018,France: Poissy,26072018,plasma,Homo sapiens,subtype: 1l; genotype: 1,24-NOV-2022,Virological characterization of treatment failures and retreatment outcomes in patients infected with 'unusual' HCV genotype 1 subtypes,,
OP894642.1,03-Aug-2017,France,26082017,plasma,Homo sapiens,subtype: 1d; genotype: 1,24-NOV-2022,Virological characterization of treatment failures and retreatment outcomes in patients infected with 'unusual' HCV genotype 1 subtypes,,
OP894641.1,03-Aug-2017,France: Nice,3082017,plasma,Homo sapiens,subtype: 1e; genotype: 1,24-NOV-2022,Virological characterization of treatment failures and retreatment outcomes in patients infected with 'unusual' HCV genotype 1 subtypes,,
OP894644.1,29-Sep-2017,France: Poitiers,29092017,plasma,Homo sapiens,subtype: 1l; genotype: 1,24-NOV-2022,Virological characterization of treatment failures and retreatment outcomes in patients infected with 'unusual' HCV genotype 1 subtypes,,
OP894639.1,07-Aug-2017,France: Paris,7082017,plasma,Homo sapiens,subtype: 1e; genotype: 1,24-NOV-2022,Virological characterization of treatment failures and retreatment outcomes in patients infected with 'unusual' HCV genotype 1 subtypes,,
OP894649.1,20-Mar-2018,France: Corbeil,20032018,plasma,Homo sapiens,subtype: 1d; genotype: 1,24-NOV-2022,Virological characterization of treatment failures and retreatment outcomes in patients infected with 'unusual' HCV genotype 1 subtypes,,
OP894631.1,19-Aug-2015,France: Paris,19082015,plasma,Homo sapiens,subtype: 1e; genotype: 1,24-NOV-2022,Virological characterization of treatment failures and retreatment outcomes in patients infected with 'unusual' HCV genotype 1 subtypes,,
OP894634.1,07-Jun-2016,France: Creteil,7062016,plasma,Homo sapiens,subtype: 1l; genotype: 1,24-NOV-2022,Virological characterization of treatment failures and retreatment outcomes in patients infected with 'unusual' HCV genotype 1 subtypes,,
OP894648.1,13-Feb-2018,France: Paris,13022018,plasma,Homo sapiens,subtype: 1l; genotype: 1,24-NOV-2022,Virological characterization of treatment failures and retreatment outcomes in patients infected with 'unusual' HCV genotype 1 subtypes,,
OP894635.1,28-Jun-2016,France: Saint-Denis,28062016,plasma,Homo sapiens,subtype: 1l; genotype: 1,24-NOV-2022,Virological characterization of treatment failures and retreatment outcomes in patients infected with 'unusual' HCV genotype 1 subtypes,,
OP894636.1,09-Aug-2016,France: Rabat,9082016,plasma,Homo sapiens,subtype: 1d; genotype: 1,24-NOV-2022,Virological characterization of treatment failures and retreatment outcomes in patients infected with 'unusual' HCV genotype 1 subtypes,,
OP894633.1,09-Mar-2016,France: Toulouse,9032016,plasma,Homo sapiens,subtype: 1d; genotype: 1,24-NOV-2022,Virological characterization of treatment failures and retreatment outcomes in patients infected with 'unusual' HCV genotype 1 subtypes,,
OP894646.1,11-Jan-2018,France: Paris,11012018,plasma,Homo sapiens,genotype: 1,24-NOV-2022,Virological characterization of treatment failures and retreatment outcomes in patients infected with 'unusual' HCV genotype 1 subtypes,,
OP894632.1,07-Dec-2015,France: Nice,7122015,plasma,Homo sapiens,subtype: 1d; genotype: 1,24-NOV-2022,Virological characterization of treatment failures and retreatment outcomes in patients infected with 'unusual' HCV genotype 1 subtypes,,
OP894640.1,22-May-2017,France: Paris,22052017,plasma,Homo sapiens,subtype: 1e; genotype: 1,24-NOV-2022,Virological characterization of treatment failures and retreatment outcomes in patients infected with 'unusual' HCV genotype 1 subtypes,,
OP894638.1,20-Feb-2017,France: Paris,20022017,plasma,Homo sapiens,subtype: 1l; genotype: 1,24-NOV-2022,Virological characterization of treatment failures and retreatment outcomes in patients infected with 'unusual' HCV genotype 1 subtypes,,
OP894647.1,22-Jan-2018,France: Aulnay-Sous-Bois,22012018,plasma,Homo sapiens,subtype: 1l; genotype: 1,24-NOV-2022,Virological characterization of treatment failures and retreatment outcomes in patients infected with 'unusual' HCV genotype 1 subtypes,,
OP894643.1,14-Sep-2017,France: Creteil,14092017,plasma,Homo sapiens,subtype: 1e; genotype: 1,24-NOV-2022,Virological characterization of treatment failures and retreatment outcomes in patients infected with 'unusual' HCV genotype 1 subtypes,,
OP894651.1,07-Aug-2018,France: Paris,7082018,plasma,Homo sapiens,subtype: 1l; genotype: 1,24-NOV-2022,Virological characterization of treatment failures and retreatment outcomes in patients infected with 'unusual' HCV genotype 1 subtypes,,
OP894645.1,13-Nov-2017,France: Creteil,13112017,plasma,Homo sapiens,subtype: 1e; genotype: 1,24-NOV-2022,Virological characterization of treatment failures and retreatment outcomes in patients infected with 'unusual' HCV genotype 1 subtypes,,
OP894637.1,10-Apr-2017,France: Paris,10042017,plasma,Homo sapiens,subtype: 1l; genotype: 1,24-NOV-2022,Virological characterization of treatment failures and retreatment outcomes in patients infected with 'unusual' HCV genotype 1 subtypes,,
